tariff_ids,Jan,Feb,Mar,Apr,May,Jun,Jul,Aug,Sep,Oct,Nov,Dec
5b5f84e35457a36d77409a7e,-0.116681027,-0.056714698,-0.128693261,-0.146895221,-0.064919575,-0.134101555,-0.093811605,-0.190528183,-0.113071657,-0.170071753,-0.060776656,0.00869262
63969f92b4aee4133d0caa7d,-0.059424456,-0.049438689,-0.138837105,-0.172009459,-0.076512322,-0.176685413,-0.1527295,-0.262389333,-0.153159107,-0.208877885,-0.146945775,-0.211307091
63c97274ac88b59405049d78,-0.101643848,-0.216023726,-0.1209259,-0.14649054,-0.007861176,-0.087432254,-0.138689706,-0.211115239,-0.101265949,-0.174938185,-0.05798555,-0.205473023
63c98a3fac88b59405049d79,-0.101643848,-0.216023726,-0.1209259,-0.14649054,-0.007861176,-0.087432254,-0.138689706,-0.211115239,-0.101265949,-0.174938185,-0.05798555,-0.205473023
63c98af2ac88b59405049d7a,-0.101643848,-0.216023726,-0.1209259,-0.14649054,-0.007861176,-0.087432254,-0.138689706,-0.211115239,-0.101265949,-0.174938185,-0.05798555,-0.205473023
63c992f5005b41877208ffdf,-0.101643848,-0.216023726,-0.1209259,-0.14649054,-0.007861176,-0.087432254,-0.138689706,-0.211115239,-0.101265949,-0.174938185,-0.05798555,-0.205473023
63c99360005b41877208ffe0,-0.101643848,-0.216023726,-0.1209259,-0.14649054,-0.007861176,-0.087432254,-0.138689706,-0.211115239,-0.101265949,-0.174938185,-0.05798555,-0.205473023
63c993d4000bad1ef3061b5a,-0.101643848,-0.216023726,-0.1209259,-0.14649054,-0.007861176,-0.087432254,-0.138689706,-0.211115239,-0.101265949,-0.174938185,-0.05798555,-0.205473023